<?xml version="1.0" encoding="utf-8"?>
<ipxact:component xmlns:ipxact="http://www.accellera.org/XMLSchema/IPXACT/1685-2014">
    <ipxact:vendor>latticesemi.com</ipxact:vendor>
    <ipxact:library>module</ipxact:library>
    <ipxact:name>spi_master</ipxact:name>
    <ipxact:version>1.0.0</ipxact:version>
    <ipxact:model>
        <ipxact:moduleParameters>
            <ipxact:moduleParameter configGroups="SystemBuilder" parameterId="INTERFACE" resolve="generated" type="string">
                <ipxact:name>INTERFACE</ipxact:name>
                <ipxact:matchname sequence_id="0">INTERFACE</ipxact:matchname>
                <ipxact:description/>
                <ipxact:value>AHBL</ipxact:value>
            </ipxact:moduleParameter>
            <ipxact:moduleParameter configGroups="SystemBuilder" parameterId="IF_DATA_WIDTH" resolve="generated" type="int">
                <ipxact:name>IF_DATA_WIDTH</ipxact:name>
                <ipxact:matchname sequence_id="0">IF_DATA_WIDTH</ipxact:matchname>
                <ipxact:description/>
                <ipxact:value>32</ipxact:value>
            </ipxact:moduleParameter>
            <ipxact:moduleParameter configGroups="SystemBuilder" parameterId="ADDR_WIDTH" resolve="generated" type="int">
                <ipxact:name>ADDR_WIDTH</ipxact:name>
                <ipxact:matchname sequence_id="0">ADDR_WIDTH</ipxact:matchname>
                <ipxact:description/>
                <ipxact:value>6</ipxact:value>
            </ipxact:moduleParameter>
            <ipxact:moduleParameter configGroups="SystemBuilder" parameterId="SLAVE_COUNT" resolve="generated" type="int">
                <ipxact:name>SLAVE_COUNT</ipxact:name>
                <ipxact:matchname sequence_id="0">SLAVE_COUNT</ipxact:matchname>
                <ipxact:description/>
                <ipxact:value>1</ipxact:value>
            </ipxact:moduleParameter>
            <ipxact:moduleParameter configGroups="SystemBuilder" parameterId="LSB_FIRST" resolve="generated" type="int">
                <ipxact:name>LSB_FIRST</ipxact:name>
                <ipxact:matchname sequence_id="0">LSB_FIRST</ipxact:matchname>
                <ipxact:description/>
                <ipxact:value>0</ipxact:value>
            </ipxact:moduleParameter>
            <ipxact:moduleParameter configGroups="SystemBuilder" parameterId="ONLY_WRITE" resolve="generated" type="int">
                <ipxact:name>ONLY_WRITE</ipxact:name>
                <ipxact:matchname sequence_id="0">ONLY_WRITE</ipxact:matchname>
                <ipxact:description/>
                <ipxact:value>0</ipxact:value>
            </ipxact:moduleParameter>
            <ipxact:moduleParameter configGroups="SystemBuilder" parameterId="DATA_WIDTH" resolve="generated" type="int">
                <ipxact:name>DATA_WIDTH</ipxact:name>
                <ipxact:matchname sequence_id="0">DATA_WIDTH</ipxact:matchname>
                <ipxact:description/>
                <ipxact:value>32</ipxact:value>
            </ipxact:moduleParameter>
            <ipxact:moduleParameter configGroups="SystemBuilder" parameterId="SSNP" resolve="generated" type="int">
                <ipxact:name>SSNP</ipxact:name>
                <ipxact:matchname sequence_id="0">SSNP</ipxact:matchname>
                <ipxact:description/>
                <ipxact:value>0</ipxact:value>
            </ipxact:moduleParameter>
            <ipxact:moduleParameter configGroups="SystemBuilder" parameterId="CPOL" resolve="generated" type="int">
                <ipxact:name>CPOL</ipxact:name>
                <ipxact:matchname sequence_id="0">CPOL</ipxact:matchname>
                <ipxact:description/>
                <ipxact:value>0</ipxact:value>
            </ipxact:moduleParameter>
            <ipxact:moduleParameter configGroups="SystemBuilder" parameterId="CPHA" resolve="generated" type="int">
                <ipxact:name>CPHA</ipxact:name>
                <ipxact:matchname sequence_id="0">CPHA</ipxact:matchname>
                <ipxact:description/>
                <ipxact:value>0</ipxact:value>
            </ipxact:moduleParameter>
            <ipxact:moduleParameter configGroups="SystemBuilder" parameterId="FIFO_WIDTH" resolve="generated" type="int">
                <ipxact:name>FIFO_WIDTH</ipxact:name>
                <ipxact:matchname sequence_id="0">FIFO_WIDTH</ipxact:matchname>
                <ipxact:description/>
                <ipxact:value>None</ipxact:value>
            </ipxact:moduleParameter>
            <ipxact:moduleParameter configGroups="SystemBuilder" parameterId="FIFO_DEPTH" resolve="generated" type="int">
                <ipxact:name>FIFO_DEPTH</ipxact:name>
                <ipxact:matchname sequence_id="0">FIFO_DEPTH</ipxact:matchname>
                <ipxact:description/>
                <ipxact:value>16</ipxact:value>
            </ipxact:moduleParameter>
            <ipxact:moduleParameter configGroups="SystemBuilder" parameterId="FIFO_IMPL" resolve="generated" type="string">
                <ipxact:name>FIFO_IMPL</ipxact:name>
                <ipxact:matchname sequence_id="0">FIFO_IMPL</ipxact:matchname>
                <ipxact:description/>
                <ipxact:value>EBR</ipxact:value>
            </ipxact:moduleParameter>
            <ipxact:moduleParameter configGroups="SystemBuilder" parameterId="TX_FIFO_AE_FLAG" resolve="generated" type="int">
                <ipxact:name>TX_FIFO_AE_FLAG</ipxact:name>
                <ipxact:matchname sequence_id="0">TX_FIFO_AE_FLAG</ipxact:matchname>
                <ipxact:description/>
                <ipxact:value>3</ipxact:value>
            </ipxact:moduleParameter>
            <ipxact:moduleParameter configGroups="SystemBuilder" parameterId="RX_FIFO_AF_FLAG" resolve="generated" type="int">
                <ipxact:name>RX_FIFO_AF_FLAG</ipxact:name>
                <ipxact:matchname sequence_id="0">RX_FIFO_AF_FLAG</ipxact:matchname>
                <ipxact:description/>
                <ipxact:value>12</ipxact:value>
            </ipxact:moduleParameter>
            <ipxact:moduleParameter configGroups="SystemBuilder" parameterId="SYS_CLOCK_FREQ" resolve="generated" type="float">
                <ipxact:name>SYS_CLOCK_FREQ</ipxact:name>
                <ipxact:matchname sequence_id="0">SYS_CLOCK_FREQ</ipxact:matchname>
                <ipxact:description/>
                <ipxact:value>50</ipxact:value>
            </ipxact:moduleParameter>
            <ipxact:moduleParameter configGroups="SystemBuilder" parameterId="DESIRED_CLOCK_FREQ" resolve="generated" type="float">
                <ipxact:name>DESIRED_CLOCK_FREQ</ipxact:name>
                <ipxact:matchname sequence_id="0">DESIRED_CLOCK_FREQ</ipxact:matchname>
                <ipxact:description/>
                <ipxact:value>0.1</ipxact:value>
            </ipxact:moduleParameter>
            <ipxact:moduleParameter configGroups="SystemBuilder" parameterId="PRESCALER_INPUT" resolve="generated" type="int">
                <ipxact:name>PRESCALER_INPUT</ipxact:name>
                <ipxact:matchname sequence_id="0">PRESCALER_INPUT</ipxact:matchname>
                <ipxact:description/>
                <ipxact:value>None</ipxact:value>
            </ipxact:moduleParameter>
            <ipxact:moduleParameter configGroups="SystemBuilder" parameterId="PRESCALER" resolve="generated" type="int">
                <ipxact:name>PRESCALER</ipxact:name>
                <ipxact:matchname sequence_id="0">PRESCALER</ipxact:matchname>
                <ipxact:description/>
                <ipxact:value>None</ipxact:value>
            </ipxact:moduleParameter>
            <ipxact:moduleParameter configGroups="SystemBuilder" parameterId="ACTUAL_CLOCK_FREQ" resolve="generated" type="float">
                <ipxact:name>ACTUAL_CLOCK_FREQ</ipxact:name>
                <ipxact:matchname sequence_id="0">ACTUAL_CLOCK_FREQ</ipxact:matchname>
                <ipxact:description/>
                <ipxact:value>None</ipxact:value>
            </ipxact:moduleParameter>
            <ipxact:moduleParameter configGroups="SystemBuilder" parameterId="TBE_IE" resolve="generated" type="bool">
                <ipxact:name>TBE_IE</ipxact:name>
                <ipxact:matchname sequence_id="0">TBE_IE</ipxact:matchname>
                <ipxact:description/>
                <ipxact:value>False</ipxact:value>
            </ipxact:moduleParameter>
            <ipxact:moduleParameter configGroups="SystemBuilder" parameterId="TBA_IE" resolve="generated" type="bool">
                <ipxact:name>TBA_IE</ipxact:name>
                <ipxact:matchname sequence_id="0">TBA_IE</ipxact:matchname>
                <ipxact:description/>
                <ipxact:value>False</ipxact:value>
            </ipxact:moduleParameter>
            <ipxact:moduleParameter configGroups="SystemBuilder" parameterId="RBR_IE" resolve="generated" type="bool">
                <ipxact:name>RBR_IE</ipxact:name>
                <ipxact:matchname sequence_id="0">RBR_IE</ipxact:matchname>
                <ipxact:description/>
                <ipxact:value>False</ipxact:value>
            </ipxact:moduleParameter>
            <ipxact:moduleParameter configGroups="SystemBuilder" parameterId="RBF_IE" resolve="generated" type="bool">
                <ipxact:name>RBF_IE</ipxact:name>
                <ipxact:matchname sequence_id="0">RBF_IE</ipxact:matchname>
                <ipxact:description/>
                <ipxact:value>False</ipxact:value>
            </ipxact:moduleParameter>
            <ipxact:moduleParameter configGroups="SystemBuilder" parameterId="WC_IE" resolve="generated" type="bool">
                <ipxact:name>WC_IE</ipxact:name>
                <ipxact:matchname sequence_id="0">WC_IE</ipxact:matchname>
                <ipxact:description/>
                <ipxact:value>False</ipxact:value>
            </ipxact:moduleParameter>
            <ipxact:moduleParameter configGroups="SystemBuilder" parameterId="TC_IE" resolve="generated" type="bool">
                <ipxact:name>TC_IE</ipxact:name>
                <ipxact:matchname sequence_id="0">TC_IE</ipxact:matchname>
                <ipxact:description/>
                <ipxact:value>False</ipxact:value>
            </ipxact:moduleParameter>
            <ipxact:moduleParameter configGroups="SystemBuilder" parameterId="TBAE_IE" resolve="generated" type="bool">
                <ipxact:name>TBAE_IE</ipxact:name>
                <ipxact:matchname sequence_id="0">TBAE_IE</ipxact:matchname>
                <ipxact:description/>
                <ipxact:value>False</ipxact:value>
            </ipxact:moduleParameter>
            <ipxact:moduleParameter configGroups="SystemBuilder" parameterId="RBAF_IE" resolve="generated" type="bool">
                <ipxact:name>RBAF_IE</ipxact:name>
                <ipxact:matchname sequence_id="0">RBAF_IE</ipxact:matchname>
                <ipxact:description/>
                <ipxact:value>False</ipxact:value>
            </ipxact:moduleParameter>
            <ipxact:moduleParameter configGroups="SystemBuilder" parameterId="OFFSET_WIDTH" resolve="generated" type="int">
                <ipxact:name>OFFSET_WIDTH</ipxact:name>
                <ipxact:matchname sequence_id="0">OFFSET_WIDTH</ipxact:matchname>
                <ipxact:description/>
                <ipxact:value>4</ipxact:value>
            </ipxact:moduleParameter>
        </ipxact:moduleParameters>
    </ipxact:model>
</ipxact:component>
